{"errno":0,"data":{"total":200,"list":[{"ID":"442191","m_create_time":"10:12","m_title":"\u672a\u6765\u51e0\u5e74\u4e2d\u56fd\u5c45\u6c11\u4f1a\u51fa\u73b0\u96ea\u5d29\u5f0f\u7684\u201c\u8fd4\u8d2b\u201d\u5417\uff1f","m_summary":"\u6709\u4eba\u9884\u6d4b\uff0c\u672a\u67653\u5e74\uff0c\u4e2d\u56fd\u5c06\u7206\u53d1\u524d\u6240\u672a\u6709\u96ea\u5d29\u5f0f\u7684\u201c\u8fd4\u8d2b\u201d\u3002\u5176\u7406\u7531\u6709\uff0c\u4e00\u662f\u623f\u5730\u4ea7\u6ce1\u6cab\u7834\u706d\u8ba9\u4e2a\u4eba\u8d22\u5bcc\u5168\u9762\u7f29\u6c34\uff1b\u4e8c\u662fE\u79df\u5b9d\u7c7b\u4e2a\u4eba\u7406\u8d22\u5927\u9762\u79ef\u8fdd\u7ea6\uff1b\u4e09\u662f\u4e2d\u56fd\u5236\u9020\u4e1a\u8870\u9000\uff0c\u4f01\u4e1a\u5927\u91cf\u7834\u4ea7\uff1b\u56db\u662f\u4eba\u6c11\u5e01\u8d2c\u503c\u8ba9\u8d22\u5bcc\u5168\u9762\u7f29\u6c34.","hotcount":"6\u4e07","m_label_names":[],"m_image_url":"http:\/\/c.hiphotos.baidu.com\/news\/crop%3D0%2C47%2C250%2C150%3Bw%3D638\/sign=2c379d1faa6eddc432a8eebb04eb9ac9\/18d8bc3eb13533faa04820d4afd3fd1f40345b49.jpg","m_display_url":"http:\/\/yixianrong.baijia.baidu.com\/article\/442191","m_writer_name":"\u6613\u5baa\u5bb9","m_writer_url":"http:\/\/yixianrong.baijia.baidu.com\/","m_writer_account_type":"0","m_attr_exclusive":"0","m_attr_first_pub":"0"},{"ID":"442099","m_create_time":"09:43","m_title":"\u5979\u5c61\u6b21\u5931\u4e1a\uff0c\u5374\u6700\u7ec8\u6210\u4e3a\u7f8e\u56fd\u7b2c\u4e8c\u5973\u5bcc\u8c6a","m_summary":"\u5979\u66fe\u8bf4\u6ca1\u4ec0\u4e48\u4e8b\u60c5\u4f1a\u771f\u6b63\u7ed3\u675f\uff0c\u7136\u540e\u505a\u5230\u4e86\u5728\u632b\u6298\u4e2d\u6210\u529f\u9006\u88ad\u3002","hotcount":"1\u4e07","m_label_names":[{"m_id":"108497","m_name":"\u739b\u838e\u5e1d\u56fd"},{"m_id":"108498","m_name":"\u5bb6\u653f\u5973\u738b"},{"m_id":"12740","m_name":"\u534e\u5c14\u8857"}],"m_image_url":"http:\/\/h.hiphotos.baidu.com\/news\/crop%3D36%2C2%2C830%2C498%3Bw%3D638\/sign=5e535735c4cec3fd9f71fd35ebbbe213\/91ef76c6a7efce1b7a576233a851f3deb58f65cf.jpg","m_display_url":"http:\/\/welianapp.baijia.baidu.com\/article\/442099","m_writer_name":"\u5fae\u94fe\u521b\u6c5f\u6e56","m_writer_url":"http:\/\/welianapp.baijia.baidu.com\/","m_writer_account_type":"2","m_attr_exclusive":"0","m_attr_first_pub":"0"},{"ID":"442157","m_create_time":"09:22","m_title":"\u4e3a\u4ec0\u4e48\u8bf4\u73b0\u5728\u5f53\u52a1\u4e4b\u6025\u662f\u6d88\u706d\u8d22\u5bcc\uff1f","m_summary":"\u6700\u8fd1\u4eba\u6c11\u5e01\u6c47\u7387\u5728\u5077\u7740\u6478\u7740\uff0c\u6162\u6162\u7684\u4e3b\u52a8\u5f15\u5bfc\u8d2c\u503c\uff0c5\u67084\u65e5\u4eba\u6c11\u5e01\u4e2d\u95f4\u4ef7\u4e0b\u8c03\u4e86378\u4e2a\u57fa\u70b9\uff0c3\u6708\u4ee5\u6765\u4eba\u6c11\u5e01\u4e2d\u95f4\u4ef7\u4e0b\u8c03\u8d85\u8fc70.2%\u7684\u65f6\u5019\u8db3\u8db3\u67097\u6b21\uff0c\u518d\u770b\u6c47\u7387\uff0c\u4eba\u6c11\u5e01\u5df2\u7ecf\u5728\u4e00\u5e74\u7684\u65f6\u95f4\u5185\uff0c\u4e0d\u77e5\u4e0d\u89c9\u8d2c\u503c\u4e8610%\u3002","hotcount":"8\u4e07","m_label_names":[{"m_id":"17271","m_name":"\u6c47\u7387"},{"m_id":"12456","m_name":"\u4eba\u6c11\u5e01"},{"m_id":"11925","m_name":"\u8d22\u5bcc"}],"m_image_url":"http:\/\/c.hiphotos.baidu.com\/news\/crop%3D0%2C35%2C480%2C288%3Bw%3D638\/sign=0cee56393d87e9505658a92c2d087f70\/8b13632762d0f7032b61cc260ffa513d2797c57d.jpg","m_display_url":"http:\/\/qijunjie.baijia.baidu.com\/article\/442157","m_writer_name":"\u9f50\u4fca\u6770","m_writer_url":"http:\/\/qijunjie.baijia.baidu.com\/","m_writer_account_type":"0","m_attr_exclusive":"0","m_attr_first_pub":"1"},{"ID":"442145","m_create_time":"09:07","m_title":"\u5ef6\u7f13\u82f9\u679c\u7684\u8870\u8001\uff1aVR\u4f1a\u8ba9iPhone\u8fce\u6765\u7b2c\u4e8c\u6625\u5417\uff1f","m_summary":"\u67d0\u79cd\u7a0b\u5ea6\u4e0a\u8bf4\uff0ciPhone\u7684\u4e3b\u8981\u95ee\u9898\u662f\u96be\u518d\u6709\u91cd\u5927\u521b\u65b0\uff0c\u5b83\u9700\u8981\u8d70\u51fa\u5176\u751f\u547d\u5468\u671f\u7684\u4f4e\u6f6e\uff0c\u8fce\u6765\u7b2c\u4e8c\u6625\uff0c\u5ef6\u7f13iPhone\u7684\u5ba1\u7f8e\u75b2\u52b3\u3002\u800cVR\u53ef\u80fd\u662f\u975e\u5e38\u9002\u5408\u82f9\u679c\u4e3aiPhone\u52a0\u5165\u521b\u65b0\u5143\u7d20\u7684\u4ea7\u54c1\u9886\u57df\u3002","hotcount":"1\u4e07","m_label_names":[{"m_id":"10255","m_name":"\u82f9\u679c"},{"m_id":"20104","m_name":"VR"},{"m_id":"11230","m_name":"FACEBOOK"}],"m_image_url":"http:\/\/d.hiphotos.baidu.com\/news\/crop%3D0%2C6%2C520%2C312%3Bw%3D638\/sign=b9f34c3fe7fe9925df433310099872e9\/43a7d933c895d1432e91b0d974f082025baf0760.jpg","m_display_url":"http:\/\/wangxinxi.baijia.baidu.com\/article\/442145","m_writer_name":"\u738b\u65b0\u559c","m_writer_url":"http:\/\/wangxinxi.baijia.baidu.com\/","m_writer_account_type":"0","m_attr_exclusive":"0","m_attr_first_pub":"0"},{"ID":"442133","m_create_time":"08:45","m_title":"\u5bf9\u6c11\u95f4\u6295\u8d44\u4e0b\u6ed1\u7684\u6df1\u5ea6\u5fe7\u8651","m_summary":"\u653e\u5f00\u5e02\u573a\uff0c\u6253\u7834\u5784\u65ad\uff0c\u6536\u7f29\u56fd\u4f01\u6218\u7ebf\uff0c\u662f\u5438\u5f15\u6fc0\u6d3b\u6c11\u8d44\u6295\u8d44\u7684\u6839\u672c\u6027\u63aa\u65bd\u3002","hotcount":5827,"m_label_names":[{"m_id":"28288","m_name":"\u6c11\u8d44"},{"m_id":"16152","m_name":"\u4e0b\u6ed1"}],"m_image_url":"http:\/\/g.hiphotos.baidu.com\/news\/crop%3D0%2C1%2C333%2C200%3Bw%3D638\/sign=242391d5b9096b63955604103103ab75\/f11f3a292df5e0feb740dffb5b6034a85fdf72eb.jpg","m_display_url":"http:\/\/yufenghui.baijia.baidu.com\/article\/442133","m_writer_name":"\u4f59\u4e30\u6167","m_writer_url":"http:\/\/yufenghui.baijia.baidu.com\/","m_writer_account_type":"0","m_attr_exclusive":"0","m_attr_first_pub":"0"},{"ID":"440175","m_create_time":"08:15","m_title":"\u62a2\u623f\u71d5\u90ca\u7684\u90a3\u4e9b\u4eba\uff0c\u4f1a\u6210\u4e3a\u5148\u70c8\u5417\uff1f","m_summary":"\u4ea7\u4e1a\u751f\u6001\u7684\u642d\u5efa\u5176\u5b9e\u662f\u5386\u53f2\u94f8\u5c31\u7684\u4e00\u79cd\u6c89\u6dc0","hotcount":"2\u4e07","m_label_names":[{"m_id":"23368","m_name":"\u71d5\u90ca"},{"m_id":"10838","m_name":"\u623f\u4ef7"},{"m_id":"13513","m_name":"\u4eac\u6d25\u5180"}],"m_image_url":"http:\/\/f.hiphotos.baidu.com\/news\/crop%3D3%2C1%2C637%2C382%3Bw%3D638\/sign=cefe35e3c8fc1e17e9f0d67177a3da32\/6a600c338744ebf8971be6cadef9d72a6159a7d9.jpg","m_display_url":"http:\/\/mojinglong.baijia.baidu.com\/article\/440175","m_writer_name":"\u9e70\u89c5\u623f\u4ea7","m_writer_url":"http:\/\/mojinglong.baijia.baidu.com\/","m_writer_account_type":"2","m_attr_exclusive":"0","m_attr_first_pub":"0"},{"ID":"441994","m_create_time":"08:00","m_title":"\u4e3a\u4ec0\u4e48\u5a31\u4e50\u5708\u5c11\u6709\u4fde\u98de\u9e3f\u8fd9\u6837\u96f6\u5dee\u8bc4\u7684\u5973\u661f\uff1f","m_summary":"\u5982\u679c\u8981\u5728\u5185\u5730\u5a31\u4e50\u570840+\u5973\u661f\u91cc\u9009\u51fa\u4e00\u4e2a\u771f\u6b63\u7684\u7f8e\u4eba\uff0c\u90a3\u4e48\uff0c\u4fde\u98de\u9e3f\u5f53\u4e4b\u65e0\u6127\u3002","hotcount":"3\u4e07","m_label_names":[{"m_id":"13832","m_name":"\u4fde\u98de\u9e3f"},{"m_id":"22083","m_name":"\u5c0f\u4e08\u592b"},{"m_id":"14197","m_name":"\u5a31\u4e50\u5708"}],"m_image_url":"http:\/\/a.hiphotos.baidu.com\/news\/crop%3D0%2C1%2C497%2C298%3Bw%3D638\/sign=6df2880d56da81cb5aa9d98d6f56fc27\/29381f30e924b899699d19c169061d950b7bf6a2.jpg","m_display_url":"http:\/\/jiran.baijia.baidu.com\/article\/441994","m_writer_name":"\u6717\u8bfb\u8005","m_writer_url":"http:\/\/jiran.baijia.baidu.com\/","m_writer_account_type":"0","m_attr_exclusive":"0","m_attr_first_pub":"0"},{"ID":"442115","m_create_time":"00:23","m_title":"\u6253\u8f66\u8f6f\u4ef6\u6b7b\u4ea1\u5012\u8ba1\u65f6\uff1f\u6570\u4ebf\u4eba\u7b49\u5f85\u4e00\u4e2a\u6587\u4ef6","m_summary":"\u51fa\u79df\u8f66\u7ba1\u7406\u5236\u5ea6\u51fa\u73b0\u4e24\u4e2a\u6708\u7684\u201c\u7a7a\u6321\u201d\uff0c\u65b0\u7684\u51fa\u79df\u8f66\u548c\u7f51\u7edc\u9884\u7ea6\u5236\u5ea6\u6216\u9a6c\u4e0a\u51fa\u53f0\u3002","hotcount":"3\u4e07","m_label_names":[{"m_id":"10513","m_name":"\u51fa\u79df\u8f66"},{"m_id":"11983","m_name":"\u6253\u8f66\u8f6f\u4ef6"},{"m_id":"25781","m_name":"\u4efd\u5b50\u94b1"}],"m_image_url":"http:\/\/f.hiphotos.baidu.com\/news\/crop%3D0%2C7%2C601%2C360%3Bw%3D638\/sign=533ed844ae773912d069df21c529aa2f\/359b033b5bb5c9eab0f39d1ad239b6003bf3b3c3.jpg","m_display_url":"http:\/\/ytcj.baijia.baidu.com\/article\/442115","m_writer_name":"\u4e00\u6761\u8d22\u7ecf","m_writer_url":"http:\/\/ytcj.baijia.baidu.com\/","m_writer_account_type":"0","m_attr_exclusive":"0","m_attr_first_pub":"0"},{"ID":"442060","m_create_time":"05-07","m_title":"\u5bb6\u957f\u4eec\uff0c\u5b66\u4f4d\u623f\u7684\u68a6\u8981\u9192\u4e86","m_summary":"\u4ece\u653f\u5e9c\u884c\u4e3a\u89d2\u5ea6\u5bf9\u6bd4\u5b66\u4f4d\u623f\u548c\u6c11\u529e\u521d\u4e2d","hotcount":"3\u4e07","m_label_names":[{"m_id":"108490","m_name":"\u5b66\u4f4d\u623f"}],"m_image_url":"http:\/\/h.hiphotos.baidu.com\/news\/crop%3D0%2C1%2C458%2C275%3Bw%3D638\/sign=234fb664ccef76092844c3df13ed8ffd\/a686c9177f3e6709e686f7063cc79f3df9dc5540.jpg","m_display_url":"http:\/\/baolijianfei.baijia.baidu.com\/article\/442060","m_writer_name":"\u5723\u5730\u4e9a\u54e5\u8239\u957f","m_writer_url":"http:\/\/baolijianfei.baijia.baidu.com\/","m_writer_account_type":"0","m_attr_exclusive":"0","m_attr_first_pub":"1"},{"ID":"442055","m_create_time":"05-07","m_title":"\u4f4e\u914d\u7537\u795e\u901f\u6210\u6307\u5357","m_summary":"\u8fd9\u6b21\uff0c\u6211\u4eec\u8511\u89c6\u4e00\u79cd\u84ec\u5934\u57a2\u9762\u7740\uff0c\u8fd8\u4ee5\u4e3a\u81ea\u5df1\u5e05\u7206\u4e86\u7684\u83ab\u540d\u81ea\u4fe1\u3002","hotcount":"1\u4e07","m_label_names":[],"m_image_url":"http:\/\/f.hiphotos.baidu.com\/news\/crop%3D0%2C0%2C651%2C390%3Bw%3D638\/sign=4b7282c12f381f308a56d7e994316038\/e850352ac65c1038861e7e3bb5119313b17e89e3.jpg","m_display_url":"http:\/\/weshixiang.baijia.baidu.com\/article\/442055","m_writer_name":"\u8bc6\u8c61","m_writer_url":"http:\/\/weshixiang.baijia.baidu.com\/","m_writer_account_type":"2","m_attr_exclusive":"0","m_attr_first_pub":"1"}]}}