{"errno":0,"data":{"total":200,"list":[{"ID":"442009","m_create_time":"05-07","m_title":"Hulu\u8bd5\u6c34VR\u7cfb\u5217\u6f14\u5531\u4f1a\u4e28Billboard\u5de1\u6f1410\u5927\u8d5a\u94b1\u827a\u4eba","m_summary":"\u7ee7\u4eca\u5e743\u6708Hulu\u63a8\u51fa\u4e86\u81ea\u5df1\u7684VR app\u4e4b\u540e\uff0c\u4e8e\u8fd1\u65e5\u5ba3\u5e03\u4e0e\u6700\u5927\u7684\u6f14\u5531\u4f1a\u63a8\u624bLive Nation\u8fbe\u6210\u5408\u4f5c\uff0c\u5c06\u4e3e\u529eVR\u7cfb\u5217\u6f14\u5531\u4f1a\u3002","hotcount":840,"m_label_names":[{"m_id":"78282","m_name":"Hulu"},{"m_id":"20104","m_name":"VR"},{"m_id":"53342","m_name":"\u5de1\u6f14"}],"m_image_url":"http:\/\/h.hiphotos.baidu.com\/news\/crop%3D3%2C1%2C597%2C358%3Bw%3D638\/sign=2dedadd6b9096b63955604103100ab75\/91ef76c6a7efce1bbabda233a851f3deb58f65b0.jpg","m_display_url":"http:\/\/musicbusiness.baijia.baidu.com\/article\/442009","m_writer_name":"\u97f3\u4e50\u8d22\u7ecf","m_writer_url":"http:\/\/musicbusiness.baijia.baidu.com\/","m_writer_account_type":"0","m_attr_exclusive":"0","m_attr_first_pub":"1"},{"ID":"442008","m_create_time":"05-07","m_title":"\u8c22\u4f5c\u8bd7 | \u8d8a\u5bcc\u88d5\u8d8a\u589e\u957f\uff1a\u201c\u65b0\u5e38\u6001\u201d\u7684\u8bf4\u6cd5\u4e0d\u6210\u7acb","m_summary":"\u8d8a\u5bcc\u88d5\u8d8a\u589e\u957f\uff1a\u201c\u65b0\u5e38\u6001\u201d\u7684\u8bf4\u6cd5\u4e0d\u6210\u7acb","hotcount":3344,"m_label_names":[],"m_image_url":"http:\/\/a.hiphotos.baidu.com\/news\/crop%3D0%2C197%2C581%2C349%3Bw%3D638\/sign=b0f165e02af5e0fefa57d34161501899\/574e9258d109b3dedc6c8e91cbbf6c81810a4c73.jpg","m_display_url":"http:\/\/xiezuoshi.baijia.baidu.com\/article\/442008","m_writer_name":"\u8c22\u4f5c\u8bd7","m_writer_url":"http:\/\/xiezuoshi.baijia.baidu.com\/","m_writer_account_type":"0","m_attr_exclusive":"0","m_attr_first_pub":"0"},{"ID":"441995","m_create_time":"05-07","m_title":"10\u4ebf\u7f8e\u5143\u84b8\u53d1\uff0c\u97f3\u4e50\u6d41\u5a92\u4f53\u592a\u70e7\u94b1\uff01","m_summary":"\u97f3\u4e50\u6d41\u5a92\u4f53\u53d1\u5c55\u7684\u6c14\u52bf\u5df2\u7ecf\u8d8a\u6765\u8d8a\u9ad8\u6da8\uff0c\u4f46\u5982\u6b64\u70e7\u94b1\uff0c\u7ec8\u6709\u4e00\u5929\u4f1a\u8ba9\u5404\u6d41\u5a92\u4f53\u670d\u52a1\u5546\u96be\u4ee5\u5fcd\u53d7\u3002","hotcount":1616,"m_label_names":[{"m_id":"19402","m_name":"\u6d41\u5a92\u4f53"},{"m_id":"15211","m_name":"Deezer"},{"m_id":"27928","m_name":"Tidal"}],"m_image_url":"http:\/\/h.hiphotos.baidu.com\/news\/crop%3D86%2C3%2C1279%2C767%3Bw%3D638\/sign=92ab05879558d109d0acf3f2ec60fa93\/b2de9c82d158ccbf237ed3c31ed8bc3eb035410c.jpg","m_display_url":"http:\/\/musicbusiness.baijia.baidu.com\/article\/441995","m_writer_name":"\u97f3\u4e50\u8d22\u7ecf","m_writer_url":"http:\/\/musicbusiness.baijia.baidu.com\/","m_writer_account_type":"0","m_attr_exclusive":"0","m_attr_first_pub":"1"},{"ID":"441807","m_create_time":"05-07","m_title":"\u9876\u7ea7\u79d1\u6280\u516c\u53f8\u660e\u661f\u5927\u725b\u4eec\u6700\u559c\u6b22\u768413\u672c\u4e66","m_summary":"\u8ddf\u4e00\u6d41\u4eba\u770b\u4e00\u6d41\u4e66","hotcount":6909,"m_label_names":[{"m_id":"10854","m_name":"\u79d1\u6280"},{"m_id":"11542","m_name":"\u660e\u661f"}],"m_image_url":"http:\/\/g.hiphotos.baidu.com\/news\/crop%3D0%2C32%2C900%2C540%3Bw%3D638\/sign=61076ccf32fae6cd18fbf12132832317\/a9d3fd1f4134970ac6629dd792cad1c8a7865d31.jpg","m_display_url":"http:\/\/guigumitan.baijia.baidu.com\/article\/441807","m_writer_name":"\u7845\u8c37\u5bc6\u63a2","m_writer_url":"http:\/\/guigumitan.baijia.baidu.com\/","m_writer_account_type":"2","m_attr_exclusive":"0","m_attr_first_pub":"0"},{"ID":"441752","m_create_time":"05-07","m_title":"\u50bb\u94b1\u9000\u4e86\uff0c\u806a\u660e\u94b1\u6df1\u5165","m_summary":"\u6700\u8fd1\u7f8e\u56fd\u521b\u6295\u5708\u4f20\u64ad\u5f97\u6bd4\u8f83\u591a\u7684\u4e00\u7bc7\u6587\u7ae0\u3002","hotcount":4753,"m_label_names":[{"m_id":"10999","m_name":"\u6295\u8d44"},{"m_id":"16076","m_name":"\u884c\u4e1a"},{"m_id":"10860","m_name":"\u8d8b\u52bf"}],"m_image_url":"http:\/\/a.hiphotos.baidu.com\/news\/crop%3D0%2C1%2C336%2C202%3Bw%3D638\/sign=9c02ba15a4cc7cd9ee626e9904310d0e\/b812c8fcc3cec3fdccae068dd188d43f869427b1.jpg","m_display_url":"http:\/\/yanglinhua.baijia.baidu.com\/article\/441752","m_writer_name":"\u7845\u53d1\u5e03","m_writer_url":"http:\/\/yanglinhua.baijia.baidu.com\/","m_writer_account_type":"0","m_attr_exclusive":"0","m_attr_first_pub":"0"},{"ID":"441751","m_create_time":"05-07","m_title":"iPhone SE\u7784\u51c6\u519c\u6751\u5e02\u573a\u3001\u82f9\u679c\u8981\u4e0b\u4e61\uff0c\u6311\u6218\u5927\u4e8e\u673a\u9047","m_summary":"\u82f9\u679c\u624b\u673a\u7684\u519c\u6751\u6218\u7565\u7684\u786e\u53ef\u884c\u3002\u4f46\u662f\uff0c\u5b83\u5fc5\u987b\u8981\u8003\u8651\u540c\u673a\u9047\u5171\u5b58\u7684\u6311\u6218\u3002\u5426\u5219\uff0c\u82f9\u679c\u624b\u673a\u8981\u4e0b\u4e61\u5c31\u662f\u4e00\u573a\u68a6\uff0c\u4f1a\u7af9\u7bee\u6253\u6c34\u4e00\u573a\u7a7a\u7684!","hotcount":"1\u4e07","m_label_names":[{"m_id":"88076","m_name":"iPhoneSE"},{"m_id":"25558","m_name":"\u519c\u6751\u5e02\u573a"},{"m_id":"10255","m_name":"\u82f9\u679c"}],"m_image_url":"http:\/\/f.hiphotos.baidu.com\/news\/crop%3D0%2C1%2C509%2C306%3Bw%3D638\/sign=54d2489c514e9258b27bdcaea1b2fd69\/79f0f736afc3793157a426d1ecc4b74542a9117d.jpg","m_display_url":"http:\/\/jiangbojing.baijia.baidu.com\/article\/441751","m_writer_name":"\u59dc\u4f2f\u9759","m_writer_url":"http:\/\/jiangbojing.baijia.baidu.com\/","m_writer_account_type":"2","m_attr_exclusive":"0","m_attr_first_pub":"0"},{"ID":"441729","m_create_time":"05-07","m_title":"\u6210\u529f\u7387\u4e0d\u8db32\u6210\uff0c6\u6210\u590d\u724c\u540e\u4e0b\u8dcc\uff0c\u8fd8\u6562\u5728\u4e09\u677f\u73a9\u91cd\u7ec4\u5417","m_summary":"\u4ec0\u4e48\u6837\u7684\u516c\u53f8\u91cd\u7ec4\u540e\u80a1\u4ef7\u4f1a\u4e0a\u6da8\uff1f","hotcount":9813,"m_label_names":[{"m_id":"12534","m_name":"\u65b0\u4e09\u677f"},{"m_id":"17931","m_name":"\u91cd\u7ec4"}],"m_image_url":"http:\/\/f.hiphotos.baidu.com\/news\/crop%3D0%2C125%2C1198%2C719%3Bw%3D638\/sign=84cbc9c069061d9569096d7846c426e0\/314e251f95cad1c88a4c4cdf783e6709c83d5156.jpg","m_display_url":"http:\/\/ddxsb.baijia.baidu.com\/article\/441729","m_writer_name":"\u8bfb\u61c2\u65b0\u4e09\u677f","m_writer_url":"http:\/\/ddxsb.baijia.baidu.com\/","m_writer_account_type":"0","m_attr_exclusive":"1","m_attr_first_pub":"1"},{"ID":"441720","m_create_time":"05-07","m_title":"\u6bd4\u6a0a\u80dc\u7f8e\u60e8\u7684\u4eba\u5927\u6709\u4eba\u5728\uff0c\u8fd9\u662f\u57ce\u5e02\u79fb\u6c11\u8981\u4ed8\u51fa\u7684\u4ee3\u4ef7","m_summary":"\u8fd9\u4e16\u754c\u4e0a\uff0c\u53ea\u6709\u5fd8\u6069\u8d1f\u4e49\u7684\u5b50\u5973\uff0c\u7edd\u4e0d\u5b58\u5728\u4e0d\u7231\u81ea\u5df1\u513f\u5973\u7684\u7236\u6bcd\uff0c\u6a0a\u80dc\u7f8e\u7684\u7236\u6bcd\u4e4b\u6240\u4ee5\u5bf9\u6a0a\u80dc\u7f8e\u5982\u6b64\u523b\u8584\uff0c\u65e2\u6709\u4ed6\u4eec\u672c\u8eab\u4ef7\u503c\u89c2\u65b9\u9762\u7684\u539f\u56e0\uff0c\u66f4\u6709\u6df1\u5c42\u6b21\u7684\u793e\u4f1a\u539f\u56e0\u3002","hotcount":"2\u4e07","m_label_names":[{"m_id":"98903","m_name":"\u6b22\u4e50\u9882"},{"m_id":"106918","m_name":"\u6a0a\u80dc\u7f8e"},{"m_id":"25632","m_name":"\u848b\u6b23"}],"m_image_url":"http:\/\/d.hiphotos.baidu.com\/news\/crop%3D0%2C1%2C512%2C307%3Bw%3D638\/sign=52a6b9776b81800a7aaad34e8c051fcb\/eac4b74543a982264c026bdf8d82b9014b90eb03.jpg","m_display_url":"http:\/\/zhangjunliang.baijia.baidu.com\/article\/441720","m_writer_name":"\u9ed1\u9a6c\u826f\u9a79","m_writer_url":"http:\/\/zhangjunliang.baijia.baidu.com\/","m_writer_account_type":"0","m_attr_exclusive":"0","m_attr_first_pub":"0"},{"ID":"441712","m_create_time":"05-07","m_title":"\u5dee\u8bc4\u541b \u306e HTC Vive \u521d\u4f53\u9a8c\uff01","m_summary":"# \u5728\u4f60\u7684\u773c\u775b\u548c\u6211\u4e4b\u95f4\uff0c \u4e0d\u4ec5\u6709\u7740\u82cd\u7a79\u7684\u5b87\u5b99 #","hotcount":2242,"m_label_names":[],"m_image_url":"http:\/\/a.hiphotos.baidu.com\/news\/crop%3D18%2C0%2C566%2C340%3Bw%3D638\/sign=69aedd248d13632701a29873acbe98c0\/5bafa40f4bfbfbedd31577877ff0f736aec31ffd.jpg","m_display_url":"http:\/\/chaping.baijia.baidu.com\/article\/441712","m_writer_name":"\u5dee\u8bc4","m_writer_url":"http:\/\/chaping.baijia.baidu.com\/","m_writer_account_type":"2","m_attr_exclusive":"0","m_attr_first_pub":"0"},{"ID":"441704","m_create_time":"05-07","m_title":"\u4e2d\u56fd\u5f0f\u79c1\u52df\u80a1\u6743\u878d\u8d44\uff0c\u4e00\u8def\u8dcc\u8dcc\u649e\u649e\u95ef\u51fa\u4e86\u4ec0\u4e48\u6837\uff1f","m_summary":"\u79c1\u52df\u80a1\u6743\u878d\u8d44\u5e73\u53f0\u4e0a\u80fd\u8bde\u751f\u4e00\u53ea\u72ec\u89d2\u517d\u5417\uff1f","hotcount":675,"m_label_names":[{"m_id":"57990","m_name":"\u4e1c\u5bb6"},{"m_id":"23039","m_name":"\u79c1\u52df\u80a1\u6743"},{"m_id":"11446","m_name":"\u878d\u8d44"}],"m_image_url":"http:\/\/a.hiphotos.baidu.com\/news\/crop%3D0%2C37%2C638%2C383%3Bw%3D638\/sign=82585d4fee50352aa52e7f486e73d7c1\/7af40ad162d9f2d3ef877617aeec8a136227ccb0.jpg","m_display_url":"http:\/\/b12.baijia.baidu.com\/article\/441704","m_writer_name":"B12","m_writer_url":"http:\/\/b12.baijia.baidu.com\/","m_writer_account_type":"2","m_attr_exclusive":"0","m_attr_first_pub":"0"}]}}