{"errno":0,"data":{"total":200,"list":[{"ID":"442343","m_create_time":"14:45","m_title":"\u80fd\u5171\u82e6\u4e3a\u4f55\u4e0d\u80fd\u540c\u7518\uff1f\u80a1\u6743\u5206\u914d\u51b3\u5b9a\u4f01\u4e1a\u751f\u6b7b\uff01","m_summary":"\u80a1\u6743\u5206\u914d\u662f\u4e00\u95e8\u827a\u672f\uff0c\u4e0d\u662f\u7cbe\u51c6\u7684\u79d1\u5b66\uff0c\u6211\u4eec\u4e0d\u5efa\u8bae\u7528\u4e00\u4e2a\u56fa\u5b9a\u7684\u516c\u5f0f\u7b97\u80a1\u6743\u3002\u90a3\u4e48\uff0c\u521b\u59cb\u4eba\uff0c\u4f60\u5230\u5e95\u8be5\u5982\u4f55\u5206\u914d\u80a1\u6743\uff1f","hotcount":318,"m_label_names":[{"m_id":"46985","m_name":"\u80a1\u6743\u5206\u914d"},{"m_id":"13791","m_name":"\u521b\u4e1a\u516c\u53f8"},{"m_id":"71206","m_name":"\u5d14\u725b\u4f1a"}],"m_image_url":"http:\/\/e.hiphotos.baidu.com\/news\/crop%3D120%2C3%2C1480%2C888%3Bw%3D638\/sign=5df1883a85025aafc77d248bc6dc9954\/77c6a7efce1b9d167118549bf4deb48f8d546469.jpg","m_display_url":"http:\/\/cuiqiang2008.baijia.baidu.com\/article\/442343","m_writer_name":"\u725b\u900f\u793e","m_writer_url":"http:\/\/cuiqiang2008.baijia.baidu.com\/","m_writer_account_type":"0","m_attr_exclusive":"0","m_attr_first_pub":"0"},{"ID":"442324","m_create_time":"13:34","m_title":"\u503a\u5238\u5e02\u573a\u6295\u8d44\u8005\u4e3a\u5565\u6210\u4e86\u201c\u60ca\u5f13\u4e4b\u9e1f\u201d\uff1f ","m_summary":"\u4f01\u4e1a\u503a\u9891\u53d1\u8fdd\u7ea6\u4e8b\u4ef6\uff0c\u521a\u6027\u5151\u4ed8\u5df2\u88ab\u6253\u7834\uff0c\u503a\u5e02\u6295\u8d44\u8005\u6210\u4e86\u201c\u60ca\u5f13\u4e4b\u9e1f\u201d\u3002\u7b14\u8005\u8ba4\u4e3a\uff0c\u4e00\u65b9\u9762\uff0c\u56e0\u4e00\u65f6\u7f3a\u4e4f\u507f\u503a\u80fd\u529b\u7684\u4f01\u4e1a\uff0c\u8981\u5141\u8bb8\u5176\u901a\u8fc7\u5404\u79cd\u9014\u5f84\u6765\u5316\u89e3\u538b\u529b\u3002\u53e6\u4e00\u65b9\u9762\uff0c\u5bf9\u4e8e\u6551\u6d3b\u65e0\u671b\u7684\u4f01\u4e1a\uff0c\u5c31\u8981\u6253\u7834\u521a\u5151\uff0c\u5141\u8bb8\u5176\u8fdd\u7ea6\u3002","hotcount":637,"m_label_names":[{"m_id":"26146","m_name":"\u4f01\u4e1a\u503a"}],"m_image_url":"http:\/\/f.hiphotos.baidu.com\/news\/crop%3D0%2C5%2C330%2C198%3Bw%3D638\/sign=f6596ad68001a18be4a4480fa31f2b3d\/d439b6003af33a8794ddece0c15c10385243b59c.jpg","m_display_url":"http:\/\/zhangping1975.baijia.baidu.com\/article\/442324","m_writer_name":"\u4e0d\u6267\u7740\u8d22\u7ecf \u5f20\u5e73","m_writer_url":"http:\/\/zhangping1975.baijia.baidu.com\/","m_writer_account_type":"2","m_attr_exclusive":"1","m_attr_first_pub":"1"},{"ID":"442299","m_create_time":"12:40","m_title":"46%\u65b0\u4e09\u677f\u516c\u53f8\u5e74\u51c0\u5229\u4e0d\u591f\u4e70\u5e1d\u90fd\u4e00\u5957\u623f","m_summary":"\u4e3b\u677f\u4e1a\u7ee9\u589e\u901f\u5df2\u7ecf\u8dd1\u4e0d\u8fc7GDP\u589e\u901f\uff0c\u5728\u4e2d\u56fd\u505a\u6210\u957f\u80a1\u6295\u8d44\uff0c\u4f60\u5fc5\u987b\u9009\u62e9\u65b0\u4e09\u677f\u3002","hotcount":2037,"m_label_names":[{"m_id":"12534","m_name":"\u65b0\u4e09\u677f"}],"m_image_url":"http:\/\/f.hiphotos.baidu.com\/news\/crop%3D0%2C20%2C640%2C384%3Bw%3D638\/sign=22d9ecf21830e924dbebc67171384234\/d01373f082025aaf81de8f31fcedab64024f1a5f.jpg","m_display_url":"http:\/\/ddxsb.baijia.baidu.com\/article\/442299","m_writer_name":"\u8bfb\u61c2\u65b0\u4e09\u677f","m_writer_url":"http:\/\/ddxsb.baijia.baidu.com\/","m_writer_account_type":"0","m_attr_exclusive":"1","m_attr_first_pub":"1"},{"ID":"442297","m_create_time":"12:36","m_title":"\u65e0\u4e8b\u4e0d\u767b\u4e09\u5b9d\u6bbf \u5e93\u514b\u6216\u7b2c\u516b\u6b21\u8bbf\u534e \uff01","m_summary":"\u82f9\u679c\u5728\u534e\u7684\u538b\u529b\u6765\u81ea\u4e09\u4e2a\u65b9\u9762\u2026\u2026","hotcount":5640,"m_label_names":[{"m_id":"10255","m_name":"\u82f9\u679c"},{"m_id":"13649","m_name":"\u5e93\u514b"}],"m_image_url":"http:\/\/h.hiphotos.baidu.com\/news\/crop%3D0%2C1%2C448%2C269%3Bw%3D638\/sign=245cd986560fd9f9b4580f29181df81b\/3b292df5e0fe992573959faa33a85edf8cb171ab.jpg","m_display_url":"http:\/\/yibeichen.baijia.baidu.com\/article\/442297","m_writer_name":"\u6613\u5317\u8fb0","m_writer_url":"http:\/\/yibeichen.baijia.baidu.com\/","m_writer_account_type":"0","m_attr_exclusive":"0","m_attr_first_pub":"0"},{"ID":"442275","m_create_time":"12:09","m_title":"\u81ea\u52a8\u9a7e\u9a76\u8d8b\u52bf\u4e0d\u53ef\u6321\uff0c\u5e0c\u671b\u5c11\u7092\u6982\u5ff5\uff0c\u7a33\u6b65\u63a8\u8fdb\uff01","m_summary":"\u81ea\u52a8\u9a7e\u9a76\uff0c\u4e0d\u518d\u662f\u505c\u7559\u5728\u79d1\u5e7b\u7247\u4e2d\u3002\u4e2a\u4eba\u53ea\u662f\u5e0c\u671b\uff0c\u8fd9\u6837\u7684\u65b0\u4e1c\u897f\uff0c\u5728\u6211\u4eec\u8fd9\u91cc\uff0c\u80fd\u591f\u66f4\u52a0\u7f13\u6b65\u7a33\u5065\u7684\u63a8\u884c\uff0c\u5426\u5219\uff0c\u53c8\u4e0d\u77e5\u9053\u4f1a\u51fa\u73b0\u591a\u5c11\u5e7a\u86fe\u5b50\uff01","hotcount":1939,"m_label_names":[{"m_id":"22659","m_name":"\u81ea\u52a8\u9a7e\u9a76"},{"m_id":"15295","m_name":"\u6c7d\u8f66\u4ea7\u4e1a"}],"m_image_url":"http:\/\/b.hiphotos.baidu.com\/news\/crop%3D0%2C1%2C631%2C379%3Bw%3D638\/sign=c9aee7f7219759ee5e1f3a8b8fcb6f27\/00e93901213fb80ebab8e22d31d12f2eb83894db.jpg","m_display_url":"http:\/\/ganjianying.baijia.baidu.com\/article\/442275","m_writer_name":"\u7b28\u624b\u86c7","m_writer_url":"http:\/\/ganjianying.baijia.baidu.com\/","m_writer_account_type":"0","m_attr_exclusive":"0","m_attr_first_pub":"0"},{"ID":"442246","m_create_time":"11:18","m_title":"\u81ea\u62cd\u65e0\u4eba\u673a\u3001\u667a\u80fd\u81ea\u62cd\u673a\u5668\u4eba\u4e3a\u4f55\u5c61\u8d25\u5c61\u6218\uff1f ","m_summary":"\u4e0a\u4e2a\u6708\u6709\u8fd9\u4e48\u56db\u4ef6\u4e8b\u3002\u4ece\u624b\u673a\u6570\u7801\u5230\u7f51\u7ea2\uff0c\u4ece\u98de\u884c\u6444\u50cf\u5934\u518d\u5230\u81ea\u62cd\u4e3b\u9898\u4e50\u56ed\uff0c\u5370\u8c61\u7ba1\u7406\u7684\u76f8\u5173\u4ea7\u4e1a\u5728\u4e2d\u56fd\u8fd9\u4e00\u5757\u571f\u5730\u4e0a\u5df2\u7ecf\u5f00\u59cb\u53d1\u82bd\u751f\u6839","hotcount":565,"m_label_names":[{"m_id":"108526","m_name":"\u5370\u8c61\u7ba1\u7406"},{"m_id":"10520","m_name":"\u65e0\u4eba\u673a"},{"m_id":"12388","m_name":"\u81ea\u62cd"}],"m_image_url":"http:\/\/g.hiphotos.baidu.com\/news\/crop%3D0%2C0%2C1025%2C615%3Bw%3D638\/sign=2a17245ea3c27d1eb169618426e5815e\/d009b3de9c82d1583297cf4b870a19d8bc3e4237.jpg","m_display_url":"http:\/\/zxr.baijia.baidu.com\/article\/442246","m_writer_name":"\u5f20\u7b11\u5bb9","m_writer_url":"http:\/\/zxr.baijia.baidu.com\/","m_writer_account_type":"2","m_attr_exclusive":"0","m_attr_first_pub":"0"},{"ID":"442205","m_create_time":"11:13","m_title":"24\u5e74\u524d\u7684\u9999\u519c\u4e13\u8bbf\uff1a\u4e00\u4e2a\u987d\u76ae\u7684\u79d1\u5b66\u5de8\u5320\uff0c\u4fe1\u606f\u8bba\u4e4b\u7236","m_summary":"\u8fd9\u7bc7\u4e13\u8bbf\u4e3a\u6211\u4eec\u63ed\u793a\u4e86\u9999\u519c\u6027\u683c\u7684\u591a\u4e2a\u4fa7\u9762\uff1a\u9664\u4e86\u662f\u5e7f\u4e3a\u4eba\u77e5\u7684\u4fe1\u606f\u7406\u8bba\u4e4b\u7236\uff0c\u4ed6\u8fd8\u662f\u4e00\u4f4d\u6295\u8d44\u4eba\u3001\u53d1\u660e\u7231\u597d\u8005\u3001\u89e3\u8c1c\u7231\u597d\u8005\u548c\u7231\u641e\u6076\u4f5c\u5267\u7684\u4eba\u3002","hotcount":2505,"m_label_names":[{"m_id":"62845","m_name":"\u9999\u519c"},{"m_id":"108519","m_name":"\u79d1\u5b66\u5de8\u5320"},{"m_id":"108520","m_name":"\u4fe1\u606f\u8bba"}],"m_image_url":"http:\/\/h.hiphotos.baidu.com\/news\/crop%3D0%2C9%2C620%2C372%3Bw%3D638\/sign=c818b9f21830e924dbebc6717138423f\/b3119313b07eca80aa289d1d962397dda144831f.jpg","m_display_url":"http:\/\/synchuman.baijia.baidu.com\/article\/442205","m_writer_name":"\u673a\u5668\u4e4b\u5fc3 Synced","m_writer_url":"http:\/\/synchuman.baijia.baidu.com\/","m_writer_account_type":"0","m_attr_exclusive":"0","m_attr_first_pub":"0"},{"ID":"442236","m_create_time":"11:09","m_title":"\u4eba\u5de5\u667a\u80fd\u5373\u5c06\u98a0\u8986\u8fd98\u5927\u884c\u4e1a\uff0c\u4f60\u4f1a\u56e0\u6b64\u800c\u5931\u4e1a\u5417\uff1f","m_summary":"\u65af\u5766\u798f\u5927\u5b66\u4eba\u5de5\u667a\u80fd\u4e0e\u4f26\u7406\u5b66\u6559\u6388\u6770\u745e\u2022\u5361\u666e\u5170\u8ba4\u4e3a\uff0c\u4e0d\u4e45\u7684\u5c06\u6765\uff0c\u4eba\u7c7b\u518d\u4e5f\u4e0d\u7528\u52b3\u52a8\u3002\u56e0\u4e3a\u4eba\u5de5\u667a\u80fd\u5728\u81ea\u52a8\u5316\u4f5c\u4e1a\u3001\u81ea\u52a8\u9a7e\u9a76\uff0c\u5408\u6210\u667a\u80fd\u3001\u6267\u884c\u80fd\u529b\u7b49\u8bf8\u591a\u65b9\u9762\u7684\u4f18\u52bf\u660e\u663e\u5927\u4e8e\u4eba\u7c7b\u3002","hotcount":5172,"m_label_names":[{"m_id":"10522","m_name":"\u81ea\u52a8\u5316"},{"m_id":"11484","m_name":"\u5c31\u4e1a"},{"m_id":"10523","m_name":"\u4eba\u5de5\u667a\u80fd"}],"m_image_url":"http:\/\/e.hiphotos.baidu.com\/news\/crop%3D24%2C1%2C499%2C299%3Bw%3D638\/sign=967623c36c63f62408126343ba76dfd4\/f703738da9773912d7722d9bff198618377ae2f0.jpg","m_display_url":"http:\/\/synchuman.baijia.baidu.com\/article\/442236","m_writer_name":"\u673a\u5668\u4e4b\u5fc3 Synced","m_writer_url":"http:\/\/synchuman.baijia.baidu.com\/","m_writer_account_type":"0","m_attr_exclusive":"0","m_attr_first_pub":"0"},{"ID":"442235","m_create_time":"11:04","m_title":"\u6784\u5efa\u4eba\u5de5\u667a\u80fd\u7cfb\u7edf\u592a\u96be\uff1fFacebook\u8ba9\u673a\u5668\u6784\u5efa\u4eba\u5de5\u667a\u80fd","m_summary":"\u6784\u5efa\u4eba\u5de5\u667a\u80fd\u7cfb\u7edf\u592a\u96be\u4e86\uff0c\u4e8e\u662f Faceook \u5f00\u53d1\u4e86\u4e00\u4e2a\u4eba\u5de5\u667a\u80fd\u7cfb\u7edf\u81ea\u5df1\u6784\u5efa\u4eba\u5de5\u667a\u80fd\u3002","hotcount":586,"m_label_names":[{"m_id":"11230","m_name":"FACEBOOK"},{"m_id":"10523","m_name":"\u4eba\u5de5\u667a\u80fd"}],"m_image_url":"http:\/\/b.hiphotos.baidu.com\/news\/crop%3D33%2C2%2C955%2C573%3Bw%3D638\/sign=ee1332097e310a55d06b84b48a767085\/a686c9177f3e6709d018ed053cc79f3df8dc552b.jpg","m_display_url":"http:\/\/synchuman.baijia.baidu.com\/article\/442235","m_writer_name":"\u673a\u5668\u4e4b\u5fc3 Synced","m_writer_url":"http:\/\/synchuman.baijia.baidu.com\/","m_writer_account_type":"0","m_attr_exclusive":"0","m_attr_first_pub":"0"},{"ID":"442230","m_create_time":"11:03","m_title":"\u300aNature\u300b \u5c01\u9762\u6587\u7ae0\uff1a\u4eba\u5de5\u667a\u80fd\u5f15\u53d1\u6750\u6599\u79d1\u5b66\u53d8\u9769","m_summary":"\u4e00\u4e9b\u7814\u7a76\u8005\u76f8\u4fe1\uff0c\u673a\u5668\u5b66\u4e60\u6280\u672f\u53ef\u4ee5\u53d8\u9769\u6750\u6599\u79d1\u5b66\u3002","hotcount":230,"m_label_names":[{"m_id":"108523","m_name":"\u6750\u6599\u79d1\u5b66"},{"m_id":"108524","m_name":"Nature"}],"m_image_url":"http:\/\/h.hiphotos.baidu.com\/news\/crop%3D0%2C27%2C630%2C378%3Bw%3D638\/sign=3404d408d262853586af8861addf5af4\/d8f9d72a6059252d7b7eb3fe339b033b5ab5b9db.jpg","m_display_url":"http:\/\/synchuman.baijia.baidu.com\/article\/442230","m_writer_name":"\u673a\u5668\u4e4b\u5fc3 Synced","m_writer_url":"http:\/\/synchuman.baijia.baidu.com\/","m_writer_account_type":"0","m_attr_exclusive":"0","m_attr_first_pub":"0"}]}}